Video ID,Title
d9MyW72ELq0,Avatar: The Way of Water | Official Trailer
a8Gx8wiNbs8,Avatar: The Way of Water | Official Teaser Trailer
bDHD1ueL4a4,The Weeknd - Nothing Is Lost (You Give Me Strength) (Official Lyric Video)
RGx8rYbRVR4,Why People Hate Avatar: A Lesson In Lazy Commentary
9gDvRzfuWiE,Behind the scenes Avatar / DetrÃ¡s de camÃ¡ras de AVATAR ðŸ¤©
f5Zx8iPek5I,Avatar 3 Will Introduce The Dark SideðŸ”¥ Of Na'viâ€¦!?ðŸ˜®
mRrKdgpZ6kE,AGAINST JAKE..!??ðŸ˜²ðŸ˜² | AVATAR 3 #shorts #avatar
PLtgIILX7E8,AVATAR Full Movie 2023: Fallen Kingdom | Superhero FXL Action Movies 2023 in English (Game Movie)
oFErWcXJLdw,TRAINING TO BE IN THE NEXT AVATAR MOVIE
Cimy6T1nczw,Avatar Scenes Without CGI
